{
    "answers": {
        "request001": {
            "relevance": [
                {
                    "docid": 0,
                    "rank": 1
                },
                {
                    "docid": 1,
                    "rank": 0.6349206566810608
                },
                {
                    "docid": 3,
                    "rank": 0.42403629422187805
                }
            ],
            "result": true
        }
    }
}
